fedavg_acc,gt_fedavg_acc
0.199700003862381,0.986299991607666
0.1,0.965499997138977
0.1,0.9998000025749206
0.1,0.9998999953269958
0.12360000163316727,0.997000002861023
