fedavg_acc,gt_fedavg_acc
0.1,0.9465000033378601
0.2,0.7563000082969665
0.1,0.863100004196167
0.0,0.9218000173568726
0.1,0.9240000128746033
