fedavg_acc,gt_fedavg_acc
0.0,0.8571999907493592
0.1,0.7011000037193298
0.19950000047683716,0.7310999989509582
0.0,0.8748000025749206
0.20010000000474976,0.8325999975204468
