client,fedavg_acc,gt_fedavg_acc
1,0.10378378629684448,0.7729730010032654
2,0.10378378629684448,0.7870270013809204
3,0.8380434513092041,0.8393478393554688
1,0.10621621459722519,0.7827026844024658
2,0.10621621459722519,0.7832432389259338
3,0.8452174067497253,0.8452174067497253
