client,fedavg_acc,gt_fedavg_acc
1,0.06443832069635391,0.7284631133079529
2,0.06593794375658035,0.7161495089530945
3,0.6972066760063171,0.6968342661857605
4,0.06712131947278976,0.708183765411377
5,0.06719367951154709,0.7053539156913757
