client,fedavg_acc,gt_fedavg_acc
1,0.06443832069635391,0.7284631133079529
2,0.06593794375658035,0.7161495089530945
3,0.6972066760063171,0.6968342661857605
4,0.06712131947278976,0.708183765411377
5,0.06719367951154709,0.7053539156913757
1,0.06374914199113846,0.7281185388565063
2,0.06523272395133972,0.7126234173774719
3,0.6945996284484863,0.6837989091873169
4,0.06640344858169556,0.7103374004364014
5,0.0664750263094902,0.7042759656906128
