client,fedavg_acc,gt_fedavg_acc
1,0.10154006630182266,0.8162359595298767
2,0.10823594778776169,0.7968837022781372
3,0.8588930368423462,0.8591117858886719
