fedavg_acc,gt_fedavg_acc
0.0,0.942199993133545
0.3,0.8063000082969666
0.1,0.8457000017166137
0.1,0.9279000043869019
0.0,0.895200002193451
